<?xml version="1.0" encoding="UTF-8"?>
<DocSetNodes version="1.0">
  <TOC>
    <Node>
      <Name>Root</Name>
      <Path>index.html</Path>
      <Subnodes>
       <Node>
        <Name>Welcome to the Myo iOS SDK</Name>
        <Path>index.html</Path>
        <Subnodes>
         <Node>
          <Name>Getting Started</Name>
          <Path>_getting__started.html</Path>
         </Node>
         <Node>
          <Name>Release Notes And Known Issues</Name>
          <Path>release-notes.html</Path>
          <Subnodes>
           <Node>
            <Name>Known Issues and Limitations</Name>
            <Path>release-notes.html</Path>
            <Anchor>known-issues</Anchor>
           </Node>
           <Node>
            <Name>Release History</Name>
            <Path>release-notes.html</Path>
            <Anchor>release-history</Anchor>
           </Node>
          </Subnodes>
         </Node>
        </Subnodes>
       </Node>
       <Node>
        <Name>Legal Notices</Name>
        <Path>legal-notices.html</Path>
       </Node>
       <Node>
        <Name>Modules</Name>
        <Path>modules.html</Path>
        <Subnodes>
         <Node>
          <Name>NSNotificationCenter Hub Constants</Name>
          <Path>group__hub_notifications.html</Path>
          <Subnodes>
           <Node>
            <Name>TLMHubDidAttachDeviceNotification</Name>
            <Path>group__hub_notifications.html</Path>
            <Anchor>ga8dcf693b4a01d2579f32736ac80fcb3f</Anchor>
           </Node>
           <Node>
            <Name>TLMHubDidConnectDeviceNotification</Name>
            <Path>group__hub_notifications.html</Path>
            <Anchor>ga54a4187af7cd4161d81b5a0ef43da320</Anchor>
           </Node>
           <Node>
            <Name>TLMHubDidDetachDeviceNotification</Name>
            <Path>group__hub_notifications.html</Path>
            <Anchor>ga6169905f5ba10be9c03290642f4570cd</Anchor>
           </Node>
           <Node>
            <Name>TLMHubDidDisconnectDeviceNotification</Name>
            <Path>group__hub_notifications.html</Path>
            <Anchor>gacb7fc397586c6834ca35f942a20f266d</Anchor>
           </Node>
          </Subnodes>
         </Node>
         <Node>
          <Name>NSNotificationCenter Hub Data Key Constants</Name>
          <Path>group__hub_notification_data_keys.html</Path>
          <Subnodes>
           <Node>
            <Name>kTLMKeyMyo</Name>
            <Path>group__hub_notification_data_keys.html</Path>
            <Anchor>gafe5cb3b2d34309d44bfd54981f53cdea</Anchor>
           </Node>
          </Subnodes>
         </Node>
         <Node>
          <Name>NSNotificationCenter Device Constants</Name>
          <Path>group__device_notifications.html</Path>
          <Subnodes>
           <Node>
            <Name>TLMMyoDidReceiveAccelerometerEventNotification</Name>
            <Path>group__device_notifications.html</Path>
            <Anchor>ga2c4c23edbc90e07986237ad1043d492f</Anchor>
           </Node>
           <Node>
            <Name>TLMMyoDidReceiveArmSyncEventNotification</Name>
            <Path>group__device_notifications.html</Path>
            <Anchor>gaa05dd085e42571f175937627d20ce38c</Anchor>
           </Node>
           <Node>
            <Name>TLMMyoDidReceiveArmUnsyncEventNotification</Name>
            <Path>group__device_notifications.html</Path>
            <Anchor>ga23af804cdfaece44817ce754f76ae9a8</Anchor>
           </Node>
           <Node>
            <Name>TLMMyoDidReceiveEmgEventNotification</Name>
            <Path>group__device_notifications.html</Path>
            <Anchor>ga7acbf74c628374ccec908d4817d1c773</Anchor>
           </Node>
           <Node>
            <Name>TLMMyoDidReceiveGyroscopeEventNotification</Name>
            <Path>group__device_notifications.html</Path>
            <Anchor>ga47b4d66ef9b447a3d2b0692e6aa5d959</Anchor>
           </Node>
           <Node>
            <Name>TLMMyoDidReceiveLockEventNotification</Name>
            <Path>group__device_notifications.html</Path>
            <Anchor>gab294a54c722f97ef7738fc3ca8b4fa71</Anchor>
           </Node>
           <Node>
            <Name>TLMMyoDidReceiveOrientationEventNotification</Name>
            <Path>group__device_notifications.html</Path>
            <Anchor>ga3a249eafdc7910e7d34c74a1cd161245</Anchor>
           </Node>
           <Node>
            <Name>TLMMyoDidReceivePoseChangedNotification</Name>
            <Path>group__device_notifications.html</Path>
            <Anchor>ga60c40a4ab34fea2c17c3e6d74b58acb2</Anchor>
           </Node>
           <Node>
            <Name>TLMMyoDidReceiveUnlockEventNotification</Name>
            <Path>group__device_notifications.html</Path>
            <Anchor>ga2f6d13859e4a223e5f386ae6e80d5395</Anchor>
           </Node>
          </Subnodes>
         </Node>
         <Node>
          <Name>NSNotificationCenter Device Data Key Constants</Name>
          <Path>group__device_notification_data_keys.html</Path>
          <Subnodes>
           <Node>
            <Name>kTLMKeyAccelerometerEvent</Name>
            <Path>group__device_notification_data_keys.html</Path>
            <Anchor>gae99703210cb198d2f6a70a61d22eab8a</Anchor>
           </Node>
           <Node>
            <Name>kTLMKeyArmSyncEvent</Name>
            <Path>group__device_notification_data_keys.html</Path>
            <Anchor>gaeac01c0a91528a9309a77d0c397c8a45</Anchor>
           </Node>
           <Node>
            <Name>kTLMKeyArmUnsyncEvent</Name>
            <Path>group__device_notification_data_keys.html</Path>
            <Anchor>ga7f1fa1d164cb435daf5c3bce81451364</Anchor>
           </Node>
           <Node>
            <Name>kTLMKeyEMGEvent</Name>
            <Path>group__device_notification_data_keys.html</Path>
            <Anchor>gacc4a4d17e22893ecc100ffff7b65b662</Anchor>
           </Node>
           <Node>
            <Name>kTLMKeyGyroscopeEvent</Name>
            <Path>group__device_notification_data_keys.html</Path>
            <Anchor>gae34b6c69ea27828f8cc64995b5e2d3c0</Anchor>
           </Node>
           <Node>
            <Name>kTLMKeyLockEvent</Name>
            <Path>group__device_notification_data_keys.html</Path>
            <Anchor>ga3e78e0159dd42b94aab667d157b2ce35</Anchor>
           </Node>
           <Node>
            <Name>kTLMKeyOrientationEvent</Name>
            <Path>group__device_notification_data_keys.html</Path>
            <Anchor>ga3e92370f7fdbbb68e1b67219f3aade01</Anchor>
           </Node>
           <Node>
            <Name>kTLMKeyPose</Name>
            <Path>group__device_notification_data_keys.html</Path>
            <Anchor>gafa3c7bb0aed658e613c0c85c93861255</Anchor>
           </Node>
           <Node>
            <Name>kTLMKeyUnlockEvent</Name>
            <Path>group__device_notification_data_keys.html</Path>
            <Anchor>ga504c37650a9022f9693d5c1d3ba81b75</Anchor>
           </Node>
          </Subnodes>
         </Node>
        </Subnodes>
       </Node>
       <Node>
        <Name>Classes</Name>
        <Path></Path>
        <Subnodes>
         <Node>
          <Name>Class List</Name>
          <Path>annotated.html</Path>
          <Subnodes>
           <Node>
            <Name>_TLMQuaternion</Name>
            <Path>struct___t_l_m_quaternion.html</Path>
            <Subnodes>
            </Subnodes>
           </Node>
           <Node>
            <Name>_TLMVector3</Name>
            <Path>struct___t_l_m_vector3.html</Path>
            <Subnodes>
            </Subnodes>
           </Node>
           <Node>
            <Name>TLMAccelerometerEvent</Name>
            <Path>interface_t_l_m_accelerometer_event.html</Path>
            <Subnodes>
             <Node>
              <Name>myo</Name>
              <Path>interface_t_l_m_accelerometer_event.html</Path>
              <Anchor>a45272a22bbefea98c858af2b1a4b2032</Anchor>
             </Node>
             <Node>
              <Name>timestamp</Name>
              <Path>interface_t_l_m_accelerometer_event.html</Path>
              <Anchor>ab15182d15076f922becd321c69e48ee4</Anchor>
             </Node>
             <Node>
              <Name>vector</Name>
              <Path>interface_t_l_m_accelerometer_event.html</Path>
              <Anchor>a432258da57c8b280c7a942d3b9f8eb4a</Anchor>
             </Node>
            </Subnodes>
           </Node>
           <Node>
            <Name>TLMAngle</Name>
            <Path>interface_t_l_m_angle.html</Path>
            <Subnodes>
             <Node>
              <Name>initWithAngle:</Name>
              <Path>interface_t_l_m_angle.html</Path>
              <Anchor>a5f44128443deb4128acd6f1c845394ac</Anchor>
             </Node>
             <Node>
              <Name>initWithDegrees:</Name>
              <Path>interface_t_l_m_angle.html</Path>
              <Anchor>a1a72f04e30c0bcb143eb6561713b0fe0</Anchor>
             </Node>
             <Node>
              <Name>initWithRadians:</Name>
              <Path>interface_t_l_m_angle.html</Path>
              <Anchor>afffc1dd7196abbb46bd4c6a6f426fb24</Anchor>
             </Node>
             <Node>
              <Name>degrees</Name>
              <Path>interface_t_l_m_angle.html</Path>
              <Anchor>a5e9cac63bc15eeecf8309d1573b0e747</Anchor>
             </Node>
             <Node>
              <Name>radians</Name>
              <Path>interface_t_l_m_angle.html</Path>
              <Anchor>a1cdfede1c67bfae83ac622da174501b8</Anchor>
             </Node>
            </Subnodes>
           </Node>
           <Node>
            <Name>TLMArmSyncEvent</Name>
            <Path>interface_t_l_m_arm_sync_event.html</Path>
            <Subnodes>
             <Node>
              <Name>TLMArm</Name>
              <Path>interface_t_l_m_arm_sync_event.html</Path>
              <Anchor>a590cb2d979c009f406789285388e8703</Anchor>
              <Subnodes>
               <Node>
                <Name>TLMArmUnknown</Name>
                <Path>interface_t_l_m_arm_sync_event.html</Path>
                <Anchor>a590cb2d979c009f406789285388e8703aa721fde17b91d4c8b25d7934f6edbf0f</Anchor>
               </Node>
               <Node>
                <Name>TLMArmRight</Name>
                <Path>interface_t_l_m_arm_sync_event.html</Path>
                <Anchor>a590cb2d979c009f406789285388e8703ae67c0ced92fc44d61aca4649b6e77b2e</Anchor>
               </Node>
               <Node>
                <Name>TLMArmLeft</Name>
                <Path>interface_t_l_m_arm_sync_event.html</Path>
                <Anchor>a590cb2d979c009f406789285388e8703af0a6d1d9290b5b4c7cc37c5af91746ae</Anchor>
               </Node>
              </Subnodes>
             </Node>
             <Node>
              <Name>TLMArmXDirection</Name>
              <Path>interface_t_l_m_arm_sync_event.html</Path>
              <Anchor>a74a5d0e7ff251686a0ff0eeccf86b269</Anchor>
              <Subnodes>
               <Node>
                <Name>TLMArmXDirectionUnknown</Name>
                <Path>interface_t_l_m_arm_sync_event.html</Path>
                <Anchor>a74a5d0e7ff251686a0ff0eeccf86b269aefa75adecf05fc24efdf98df5b0d0280</Anchor>
               </Node>
               <Node>
                <Name>TLMArmXDirectionTowardWrist</Name>
                <Path>interface_t_l_m_arm_sync_event.html</Path>
                <Anchor>a74a5d0e7ff251686a0ff0eeccf86b269a1c404a424eec609cad48d739d435ea60</Anchor>
               </Node>
               <Node>
                <Name>TLMArmXDirectionTowardElbow</Name>
                <Path>interface_t_l_m_arm_sync_event.html</Path>
                <Anchor>a74a5d0e7ff251686a0ff0eeccf86b269a182ffb73e9fc772fec4336da19ea15ff</Anchor>
               </Node>
              </Subnodes>
             </Node>
             <Node>
              <Name>arm</Name>
              <Path>interface_t_l_m_arm_sync_event.html</Path>
              <Anchor>a1e03ba3302699d650551a8be4cd956ce</Anchor>
             </Node>
             <Node>
              <Name>myo</Name>
              <Path>interface_t_l_m_arm_sync_event.html</Path>
              <Anchor>a17d877f2554e2f3507531aaa1d2aae03</Anchor>
             </Node>
             <Node>
              <Name>timestamp</Name>
              <Path>interface_t_l_m_arm_sync_event.html</Path>
              <Anchor>a9f2d42f529e3f4414628086d1e1810cc</Anchor>
             </Node>
             <Node>
              <Name>xDirection</Name>
              <Path>interface_t_l_m_arm_sync_event.html</Path>
              <Anchor>a615db59a0a3738fce24cd4c47a6f96a3</Anchor>
             </Node>
            </Subnodes>
           </Node>
           <Node>
            <Name>TLMArmUnsyncEvent</Name>
            <Path>interface_t_l_m_arm_unsync_event.html</Path>
            <Subnodes>
             <Node>
              <Name>myo</Name>
              <Path>interface_t_l_m_arm_unsync_event.html</Path>
              <Anchor>a767a1eadbc0ed1bc7e59f130432334b1</Anchor>
             </Node>
             <Node>
              <Name>timestamp</Name>
              <Path>interface_t_l_m_arm_unsync_event.html</Path>
              <Anchor>a1051a702eed29a2c3f019f86aa8e03cd</Anchor>
             </Node>
            </Subnodes>
           </Node>
           <Node>
            <Name>TLMEmgEvent</Name>
            <Path>interface_t_l_m_emg_event.html</Path>
            <Subnodes>
             <Node>
              <Name>myo</Name>
              <Path>interface_t_l_m_emg_event.html</Path>
              <Anchor>a927c95c1d3c82e81597060ab15260160</Anchor>
             </Node>
             <Node>
              <Name>rawData</Name>
              <Path>interface_t_l_m_emg_event.html</Path>
              <Anchor>a7fac6bdf3f8ea4009a71ae1fdaa9fcc9</Anchor>
             </Node>
             <Node>
              <Name>timestamp</Name>
              <Path>interface_t_l_m_emg_event.html</Path>
              <Anchor>aa307aa80c753c2eb85998a4f4eb30f00</Anchor>
             </Node>
            </Subnodes>
           </Node>
           <Node>
            <Name>TLMEulerAngles</Name>
            <Path>interface_t_l_m_euler_angles.html</Path>
            <Subnodes>
             <Node>
              <Name>pitch</Name>
              <Path>interface_t_l_m_euler_angles.html</Path>
              <Anchor>a4d9040c1c5c5d14eed71c80c82e85765</Anchor>
             </Node>
             <Node>
              <Name>roll</Name>
              <Path>interface_t_l_m_euler_angles.html</Path>
              <Anchor>a70dea082d7777b03958ad221216201e7</Anchor>
             </Node>
             <Node>
              <Name>yaw</Name>
              <Path>interface_t_l_m_euler_angles.html</Path>
              <Anchor>a36b85cd03a00d4b75fcb61ae28c4f308</Anchor>
             </Node>
            </Subnodes>
           </Node>
           <Node>
            <Name>TLMGyroscopeEvent</Name>
            <Path>interface_t_l_m_gyroscope_event.html</Path>
            <Subnodes>
             <Node>
              <Name>myo</Name>
              <Path>interface_t_l_m_gyroscope_event.html</Path>
              <Anchor>ad1803008938476ec956ccdc78d046bff</Anchor>
             </Node>
             <Node>
              <Name>timestamp</Name>
              <Path>interface_t_l_m_gyroscope_event.html</Path>
              <Anchor>ad0957fe4c2386dae193f1bdb77e49572</Anchor>
             </Node>
             <Node>
              <Name>vector</Name>
              <Path>interface_t_l_m_gyroscope_event.html</Path>
              <Anchor>a35b35fbacb2444d8cde983b5c66003ac</Anchor>
             </Node>
            </Subnodes>
           </Node>
           <Node>
            <Name>TLMHub</Name>
            <Path>interface_t_l_m_hub.html</Path>
            <Subnodes>
             <Node>
              <Name>TLMLockingPolicy</Name>
              <Path>interface_t_l_m_hub.html</Path>
              <Anchor>a28258d40419feadc53030e841bfbb06a</Anchor>
              <Subnodes>
               <Node>
                <Name>TLMLockingPolicyStandard</Name>
                <Path>interface_t_l_m_hub.html</Path>
                <Anchor>a28258d40419feadc53030e841bfbb06aa3079996ed5779d6eac909178816001f8</Anchor>
               </Node>
               <Node>
                <Name>TLMLockingPolicyNone</Name>
                <Path>interface_t_l_m_hub.html</Path>
                <Anchor>a28258d40419feadc53030e841bfbb06aa30aa751db44b88a2126a28c4b0561349</Anchor>
               </Node>
              </Subnodes>
             </Node>
             <Node>
              <Name>attachByIdentifier:</Name>
              <Path>interface_t_l_m_hub.html</Path>
              <Anchor>ab26689abf1cafdb5d1b43725e8c161b0</Anchor>
             </Node>
             <Node>
              <Name>attachToAdjacent</Name>
              <Path>interface_t_l_m_hub.html</Path>
              <Anchor>acbce958ba26bd0392fae52a2cd09d60b</Anchor>
             </Node>
             <Node>
              <Name>detachFromMyo:</Name>
              <Path>interface_t_l_m_hub.html</Path>
              <Anchor>ad48f9948be7fc01e3250931d20e8de9c</Anchor>
             </Node>
             <Node>
              <Name>myoDevices</Name>
              <Path>interface_t_l_m_hub.html</Path>
              <Anchor>a82e3b69a3fcf803d84417f2b8a46ffff</Anchor>
             </Node>
             <Node>
              <Name>applicationIdentifier</Name>
              <Path>interface_t_l_m_hub.html</Path>
              <Anchor>afc3ed0a2a752ac37beafb2720591c64d</Anchor>
             </Node>
             <Node>
              <Name>lockingPolicy</Name>
              <Path>interface_t_l_m_hub.html</Path>
              <Anchor>a0bdc4dd729fb7d12d6625baeb4d2787a</Anchor>
             </Node>
             <Node>
              <Name>myoConnectionAllowance</Name>
              <Path>interface_t_l_m_hub.html</Path>
              <Anchor>af5f3c633a027f9aff62b2c96d730be3a</Anchor>
             </Node>
             <Node>
              <Name>shouldNotifyInBackground</Name>
              <Path>interface_t_l_m_hub.html</Path>
              <Anchor>a05504d8da60de015b64366d1edc738d8</Anchor>
             </Node>
             <Node>
              <Name>shouldSendUsageData</Name>
              <Path>interface_t_l_m_hub.html</Path>
              <Anchor>a1c2b081ff4a8c9211c9f26fc58a478df</Anchor>
             </Node>
            </Subnodes>
           </Node>
           <Node>
            <Name>TLMLockEvent</Name>
            <Path>interface_t_l_m_lock_event.html</Path>
            <Subnodes>
             <Node>
              <Name>myo</Name>
              <Path>interface_t_l_m_lock_event.html</Path>
              <Anchor>ad88decdb3441169dcf46ef551ac647d8</Anchor>
             </Node>
             <Node>
              <Name>timestamp</Name>
              <Path>interface_t_l_m_lock_event.html</Path>
              <Anchor>a64cb7151688ed81d2a555f2a2bc343eb</Anchor>
             </Node>
            </Subnodes>
           </Node>
           <Node>
            <Name>TLMMyo</Name>
            <Path>interface_t_l_m_myo.html</Path>
            <Subnodes>
             <Node>
              <Name>TLMMyoConnectionState</Name>
              <Path>interface_t_l_m_myo.html</Path>
              <Anchor>a2b362051a72b535b2a0c9612f0b9603a</Anchor>
              <Subnodes>
               <Node>
                <Name>TLMMyoConnectionStateConnected</Name>
                <Path>interface_t_l_m_myo.html</Path>
                <Anchor>a2b362051a72b535b2a0c9612f0b9603aa3ed33b4254a8a97c7cab1bb58df1593e</Anchor>
               </Node>
               <Node>
                <Name>TLMMyoConnectionStateConnecting</Name>
                <Path>interface_t_l_m_myo.html</Path>
                <Anchor>a2b362051a72b535b2a0c9612f0b9603aa4408eee626472ace6aa9177e0b2e10ad</Anchor>
               </Node>
               <Node>
                <Name>TLMMyoConnectionStateDisconnected</Name>
                <Path>interface_t_l_m_myo.html</Path>
                <Anchor>a2b362051a72b535b2a0c9612f0b9603aa028bcd67fb85a1afb7845bcfd36a27e8</Anchor>
               </Node>
              </Subnodes>
              <Subnodes>
               <Node>
                <Name>TLMStreamEmgDisabled</Name>
                <Path>interface_t_l_m_myo.html</Path>
                <Anchor>a68c02042b9a26b4c1f1aa2301fc815f1ada360cb7840d2385ad43ef360931e7db</Anchor>
               </Node>
               <Node>
                <Name>TLMStreamEmgEnabled</Name>
                <Path>interface_t_l_m_myo.html</Path>
                <Anchor>a68c02042b9a26b4c1f1aa2301fc815f1afeed49f47b50b11687a9d6cb71d080cc</Anchor>
               </Node>
              </Subnodes>
             </Node>
             <Node>
              <Name>TLMUnlockType</Name>
              <Path>interface_t_l_m_myo.html</Path>
              <Anchor>a240ec53d598d2f0c39fec12935973e78</Anchor>
              <Subnodes>
               <Node>
                <Name>TLMUnlockTypeTimed</Name>
                <Path>interface_t_l_m_myo.html</Path>
                <Anchor>a240ec53d598d2f0c39fec12935973e78a0ab6fa697dfa7a63e78cda0fc7ff3640</Anchor>
               </Node>
               <Node>
                <Name>TLMUnlockTypeHold</Name>
                <Path>interface_t_l_m_myo.html</Path>
                <Anchor>a240ec53d598d2f0c39fec12935973e78a0ad28d8851820a9355f5681925c28351</Anchor>
               </Node>
              </Subnodes>
             </Node>
             <Node>
              <Name>TLMVibrationLength</Name>
              <Path>interface_t_l_m_myo.html</Path>
              <Anchor>ae0b6a25b0e4181f1017cd951ea2f80d7</Anchor>
              <Subnodes>
               <Node>
                <Name>TLMVibrationLengthShort</Name>
                <Path>interface_t_l_m_myo.html</Path>
                <Anchor>ae0b6a25b0e4181f1017cd951ea2f80d7a477bfb068b66c900eb43791b6fb609f7</Anchor>
               </Node>
               <Node>
                <Name>TLMVibrationLengthMedium</Name>
                <Path>interface_t_l_m_myo.html</Path>
                <Anchor>ae0b6a25b0e4181f1017cd951ea2f80d7a4e6f08c9567d132a679f237398174a42</Anchor>
               </Node>
               <Node>
                <Name>TLMVibrationLengthLong</Name>
                <Path>interface_t_l_m_myo.html</Path>
                <Anchor>ae0b6a25b0e4181f1017cd951ea2f80d7a7ec7c417839413013a1068c519f33401</Anchor>
               </Node>
              </Subnodes>
             </Node>
             <Node>
              <Name>indicateUserAction</Name>
              <Path>interface_t_l_m_myo.html</Path>
              <Anchor>ac5e48e4df92ce61d21dee7ccacc677df</Anchor>
             </Node>
             <Node>
              <Name>lock</Name>
              <Path>interface_t_l_m_myo.html</Path>
              <Anchor>aa3c4352180fea08a41c37d4398d3908d</Anchor>
             </Node>
             <Node>
              <Name>readSignalStrengthWithResult:</Name>
              <Path>interface_t_l_m_myo.html</Path>
              <Anchor>ad1abbf539a8d0916f56fdbb6213dda70</Anchor>
             </Node>
             <Node>
              <Name>setStreamEmg:</Name>
              <Path>interface_t_l_m_myo.html</Path>
              <Anchor>aea51af2db61b22057a41648dc0eda580</Anchor>
             </Node>
             <Node>
              <Name>unlockWithType:</Name>
              <Path>interface_t_l_m_myo.html</Path>
              <Anchor>a05cee0360ee6a2d9d279ee3776c36b42</Anchor>
             </Node>
             <Node>
              <Name>vibrateWithLength:</Name>
              <Path>interface_t_l_m_myo.html</Path>
              <Anchor>a64ed23411c045a18544d59219663e425</Anchor>
             </Node>
             <Node>
              <Name>arm</Name>
              <Path>interface_t_l_m_myo.html</Path>
              <Anchor>acd76dc38248f7d96f8f9b87c7db55242</Anchor>
             </Node>
             <Node>
              <Name>identifier</Name>
              <Path>interface_t_l_m_myo.html</Path>
              <Anchor>aab917453673e34df8c96daa9746e00e6</Anchor>
             </Node>
             <Node>
              <Name>isLocked</Name>
              <Path>interface_t_l_m_myo.html</Path>
              <Anchor>a31259b76f71d4793539029e7aca896ff</Anchor>
             </Node>
             <Node>
              <Name>name</Name>
              <Path>interface_t_l_m_myo.html</Path>
              <Anchor>a554bd2221f359d77264019c9c09a3cea</Anchor>
             </Node>
             <Node>
              <Name>orientation</Name>
              <Path>interface_t_l_m_myo.html</Path>
              <Anchor>a5464707c14426d7e6df51443c65d431d</Anchor>
             </Node>
             <Node>
              <Name>pose</Name>
              <Path>interface_t_l_m_myo.html</Path>
              <Anchor>a322b9e99abc0a46d71c17c4b0afcbbdb</Anchor>
             </Node>
             <Node>
              <Name>state</Name>
              <Path>interface_t_l_m_myo.html</Path>
              <Anchor>ac1ea3c5b29fafaae5d91830bb6eda1e1</Anchor>
             </Node>
             <Node>
              <Name>xDirection</Name>
              <Path>interface_t_l_m_myo.html</Path>
              <Anchor>ad5b9d0a71528a212e405ebb665b9143c</Anchor>
             </Node>
            </Subnodes>
           </Node>
           <Node>
            <Name>TLMOrientationEvent</Name>
            <Path>interface_t_l_m_orientation_event.html</Path>
            <Subnodes>
             <Node>
              <Name>myo</Name>
              <Path>interface_t_l_m_orientation_event.html</Path>
              <Anchor>a2686377c92c421c64b96dfcd76ad10ce</Anchor>
             </Node>
             <Node>
              <Name>quaternion</Name>
              <Path>interface_t_l_m_orientation_event.html</Path>
              <Anchor>a581803fd7425122476fc8d9323354b36</Anchor>
             </Node>
             <Node>
              <Name>timestamp</Name>
              <Path>interface_t_l_m_orientation_event.html</Path>
              <Anchor>a27dfb22506d239e08737ded5fa5df80c</Anchor>
             </Node>
            </Subnodes>
           </Node>
           <Node>
            <Name>TLMPose</Name>
            <Path>interface_t_l_m_pose.html</Path>
            <Subnodes>
             <Node>
              <Name>TLMPoseType</Name>
              <Path>interface_t_l_m_pose.html</Path>
              <Anchor>aff089ea690d4db762152032979ad2ed3</Anchor>
              <Subnodes>
               <Node>
                <Name>TLMPoseTypeRest</Name>
                <Path>interface_t_l_m_pose.html</Path>
                <Anchor>aff089ea690d4db762152032979ad2ed3ad6d5c4bbcbde5bb3bb32697f98d6bca8</Anchor>
               </Node>
               <Node>
                <Name>TLMPoseTypeFist</Name>
                <Path>interface_t_l_m_pose.html</Path>
                <Anchor>aff089ea690d4db762152032979ad2ed3ad06488ffa89368777cd5e05b0dde3b6e</Anchor>
               </Node>
               <Node>
                <Name>TLMPoseTypeWaveIn</Name>
                <Path>interface_t_l_m_pose.html</Path>
                <Anchor>aff089ea690d4db762152032979ad2ed3a14bd261ec346773d7e83641fedb2e669</Anchor>
               </Node>
               <Node>
                <Name>TLMPoseTypeWaveOut</Name>
                <Path>interface_t_l_m_pose.html</Path>
                <Anchor>aff089ea690d4db762152032979ad2ed3a91f3c69991f0f860df7082696ff83e54</Anchor>
               </Node>
               <Node>
                <Name>TLMPoseTypeFingersSpread</Name>
                <Path>interface_t_l_m_pose.html</Path>
                <Anchor>aff089ea690d4db762152032979ad2ed3a7e4b89d5d88e85d9c3dd6772762a704f</Anchor>
               </Node>
               <Node>
                <Name>TLMPoseTypeDoubleTap</Name>
                <Path>interface_t_l_m_pose.html</Path>
                <Anchor>aff089ea690d4db762152032979ad2ed3a0c246b4eb76fe16f40cb509967af55dd</Anchor>
               </Node>
               <Node>
                <Name>TLMPoseTypeUnknown</Name>
                <Path>interface_t_l_m_pose.html</Path>
                <Anchor>aff089ea690d4db762152032979ad2ed3ab1788e1cb02cc2d16280e481521d84ba</Anchor>
               </Node>
              </Subnodes>
             </Node>
             <Node>
              <Name>myo</Name>
              <Path>interface_t_l_m_pose.html</Path>
              <Anchor>a3936f4f64aff65c5d92eb5a5da6891f8</Anchor>
             </Node>
             <Node>
              <Name>timestamp</Name>
              <Path>interface_t_l_m_pose.html</Path>
              <Anchor>aeabc9e3edf23ac4bcdac71d27c7e6607</Anchor>
             </Node>
             <Node>
              <Name>type</Name>
              <Path>interface_t_l_m_pose.html</Path>
              <Anchor>a16841d7ca84dd0a9eb2703df48b14d3a</Anchor>
             </Node>
            </Subnodes>
           </Node>
           <Node>
            <Name>TLMSettingsViewController</Name>
            <Path>interface_t_l_m_settings_view_controller.html</Path>
            <Subnodes>
             <Node>
              <Name>showDoneButton</Name>
              <Path>interface_t_l_m_settings_view_controller.html</Path>
              <Anchor>a035a95f9f44a3c6514cc0cc3a2f31e05</Anchor>
             </Node>
            </Subnodes>
           </Node>
           <Node>
            <Name>TLMUnlockEvent</Name>
            <Path>interface_t_l_m_unlock_event.html</Path>
            <Subnodes>
             <Node>
              <Name>myo</Name>
              <Path>interface_t_l_m_unlock_event.html</Path>
              <Anchor>a4a5aafea8c151dfb9be2268d368452a6</Anchor>
             </Node>
             <Node>
              <Name>timestamp</Name>
              <Path>interface_t_l_m_unlock_event.html</Path>
              <Anchor>ad3c0c7ae18b7cd4d2f8f33b786856101</Anchor>
             </Node>
            </Subnodes>
           </Node>
          </Subnodes>
         </Node>
         <Node>
          <Name>Class Hierarchy</Name>
          <Path>hierarchy.html</Path>
          <Subnodes>
           <Node>
            <Name>_TLMQuaternion</Name>
            <Path>struct___t_l_m_quaternion.html</Path>
           </Node>
           <Node>
            <Name>_TLMVector3</Name>
            <Path>struct___t_l_m_vector3.html</Path>
           </Node>
           <Node>
            <Name>&lt;NSCopying&gt;</Name>
            <Path></Path>
            <Subnodes>
             <Node>
              <Name>TLMAccelerometerEvent</Name>
              <Path>interface_t_l_m_accelerometer_event.html</Path>
             </Node>
             <Node>
              <Name>TLMAngle</Name>
              <Path>interface_t_l_m_angle.html</Path>
             </Node>
             <Node>
              <Name>TLMArmSyncEvent</Name>
              <Path>interface_t_l_m_arm_sync_event.html</Path>
             </Node>
             <Node>
              <Name>TLMArmUnsyncEvent</Name>
              <Path>interface_t_l_m_arm_unsync_event.html</Path>
             </Node>
             <Node>
              <Name>TLMEmgEvent</Name>
              <Path>interface_t_l_m_emg_event.html</Path>
             </Node>
             <Node>
              <Name>TLMEulerAngles</Name>
              <Path>interface_t_l_m_euler_angles.html</Path>
             </Node>
             <Node>
              <Name>TLMGyroscopeEvent</Name>
              <Path>interface_t_l_m_gyroscope_event.html</Path>
             </Node>
             <Node>
              <Name>TLMLockEvent</Name>
              <Path>interface_t_l_m_lock_event.html</Path>
             </Node>
             <Node>
              <Name>TLMOrientationEvent</Name>
              <Path>interface_t_l_m_orientation_event.html</Path>
             </Node>
             <Node>
              <Name>TLMPose</Name>
              <Path>interface_t_l_m_pose.html</Path>
             </Node>
             <Node>
              <Name>TLMUnlockEvent</Name>
              <Path>interface_t_l_m_unlock_event.html</Path>
             </Node>
            </Subnodes>
           </Node>
           <Node>
            <Name>NSObject</Name>
            <Path></Path>
            <Subnodes>
             <Node>
              <Name>TLMAccelerometerEvent</Name>
              <Path>interface_t_l_m_accelerometer_event.html</Path>
             </Node>
             <Node>
              <Name>TLMAngle</Name>
              <Path>interface_t_l_m_angle.html</Path>
             </Node>
             <Node>
              <Name>TLMArmSyncEvent</Name>
              <Path>interface_t_l_m_arm_sync_event.html</Path>
             </Node>
             <Node>
              <Name>TLMArmUnsyncEvent</Name>
              <Path>interface_t_l_m_arm_unsync_event.html</Path>
             </Node>
             <Node>
              <Name>TLMEmgEvent</Name>
              <Path>interface_t_l_m_emg_event.html</Path>
             </Node>
             <Node>
              <Name>TLMEulerAngles</Name>
              <Path>interface_t_l_m_euler_angles.html</Path>
             </Node>
             <Node>
              <Name>TLMGyroscopeEvent</Name>
              <Path>interface_t_l_m_gyroscope_event.html</Path>
             </Node>
             <Node>
              <Name>TLMHub</Name>
              <Path>interface_t_l_m_hub.html</Path>
             </Node>
             <Node>
              <Name>TLMLockEvent</Name>
              <Path>interface_t_l_m_lock_event.html</Path>
             </Node>
             <Node>
              <Name>TLMMyo</Name>
              <Path>interface_t_l_m_myo.html</Path>
             </Node>
             <Node>
              <Name>TLMOrientationEvent</Name>
              <Path>interface_t_l_m_orientation_event.html</Path>
             </Node>
             <Node>
              <Name>TLMPose</Name>
              <Path>interface_t_l_m_pose.html</Path>
             </Node>
             <Node>
              <Name>TLMUnlockEvent</Name>
              <Path>interface_t_l_m_unlock_event.html</Path>
             </Node>
            </Subnodes>
           </Node>
           <Node>
            <Name>UIViewController</Name>
            <Path></Path>
            <Subnodes>
             <Node>
              <Name>TLMSettingsViewController</Name>
              <Path>interface_t_l_m_settings_view_controller.html</Path>
             </Node>
            </Subnodes>
           </Node>
          </Subnodes>
         </Node>
         <Node>
          <Name>Class Members</Name>
          <Path>functions.html</Path>
          <Subnodes>
           <Node>
            <Name>All</Name>
            <Path>functions.html</Path>
           </Node>
           <Node>
            <Name>Functions</Name>
            <Path>functions_func.html</Path>
           </Node>
           <Node>
            <Name>Enumerations</Name>
            <Path>functions_enum.html</Path>
           </Node>
           <Node>
            <Name>Enumerator</Name>
            <Path>functions_eval.html</Path>
           </Node>
           <Node>
            <Name>Properties</Name>
            <Path>functions_prop.html</Path>
           </Node>
          </Subnodes>
         </Node>
        </Subnodes>
       </Node>
       <Node>
        <Name>Files</Name>
        <Path></Path>
        <Subnodes>
         <Node>
          <Name>File List</Name>
          <Path>files.html</Path>
          <Subnodes>
           <Node>
            <Name>MyoKit.h</Name>
            <Path>_myo_kit_8h_source.html</Path>
           </Node>
           <Node>
            <Name>TLMAccelerometerEvent.h</Name>
            <Path>_t_l_m_accelerometer_event_8h_source.html</Path>
           </Node>
           <Node>
            <Name>TLMAngle.h</Name>
            <Path>_t_l_m_angle_8h_source.html</Path>
           </Node>
           <Node>
            <Name>TLMArmSyncEvent.h</Name>
            <Path>_t_l_m_arm_sync_event_8h_source.html</Path>
           </Node>
           <Node>
            <Name>TLMArmUnsyncEvent.h</Name>
            <Path>_t_l_m_arm_unsync_event_8h_source.html</Path>
           </Node>
           <Node>
            <Name>TLMEmgEvent.h</Name>
            <Path>_t_l_m_emg_event_8h_source.html</Path>
           </Node>
           <Node>
            <Name>TLMEulerAngles.h</Name>
            <Path>_t_l_m_euler_angles_8h_source.html</Path>
           </Node>
           <Node>
            <Name>TLMGyroscopeEvent.h</Name>
            <Path>_t_l_m_gyroscope_event_8h_source.html</Path>
           </Node>
           <Node>
            <Name>TLMHub.h</Name>
            <Path>_t_l_m_hub_8h_source.html</Path>
           </Node>
           <Node>
            <Name>TLMLockEvent.h</Name>
            <Path>_t_l_m_lock_event_8h_source.html</Path>
           </Node>
           <Node>
            <Name>TLMMath.h</Name>
            <Path>_t_l_m_math_8h_source.html</Path>
           </Node>
           <Node>
            <Name>TLMMyo.h</Name>
            <Path>_t_l_m_myo_8h_source.html</Path>
           </Node>
           <Node>
            <Name>TLMOrientationEvent.h</Name>
            <Path>_t_l_m_orientation_event_8h_source.html</Path>
           </Node>
           <Node>
            <Name>TLMPose.h</Name>
            <Path>_t_l_m_pose_8h_source.html</Path>
           </Node>
           <Node>
            <Name>TLMSettingsViewController.h</Name>
            <Path>_t_l_m_settings_view_controller_8h_source.html</Path>
           </Node>
           <Node>
            <Name>TLMUnlockEvent.h</Name>
            <Path>_t_l_m_unlock_event_8h_source.html</Path>
           </Node>
          </Subnodes>
         </Node>
        </Subnodes>
       </Node>
       <Node>
        <Name>Examples</Name>
        <Path>examples.html</Path>
        <Subnodes>
         <Node>
          <Name>TLHMViewController.m</Name>
          <Path>_t_l_h_m_view_controller_8m-example.html</Path>
         </Node>
        </Subnodes>
       </Node>
      </Subnodes>
    </Node>
  </TOC>
</DocSetNodes>
