<?xml version="1.0" encoding="UTF-8"?>
<Tokens version="1.0">
  <Token>
    <TokenIdentifier>
      <Name>Getting_Started</Name>
      <APILanguage>markdown</APILanguage>
    </TokenIdentifier>
    <Path>_getting__started.html</Path>
  </Token>
  <Token>
    <TokenIdentifier>
      <Name>release-notes</Name>
      <APILanguage>c</APILanguage>
    </TokenIdentifier>
    <Path>release-notes.html</Path>
  </Token>
  <Token>
    <TokenIdentifier>
      <Name>legal-notices</Name>
      <APILanguage>c</APILanguage>
    </TokenIdentifier>
    <Path>legal-notices.html</Path>
  </Token>
  <Token>
    <TokenIdentifier>
      <Name>hubNotifications</Name>
      <APILanguage>c</APILanguage>
    </TokenIdentifier>
    <Path>group__hub_notifications.html</Path>
  </Token>
  <Token>
    <TokenIdentifier>
      <Name>TLMHubDidAttachDeviceNotification</Name>
      <APILanguage>c</APILanguage>
      <Type>data</Type>
    </TokenIdentifier>
    <Path>group__hub_notifications.html</Path>
    <Anchor>ga8dcf693b4a01d2579f32736ac80fcb3f</Anchor>
    <DeclaredIn>TLMHub.h</DeclaredIn>
  </Token>
  <Token>
    <TokenIdentifier>
      <Name>TLMHubDidDetachDeviceNotification</Name>
      <APILanguage>c</APILanguage>
      <Type>data</Type>
    </TokenIdentifier>
    <Path>group__hub_notifications.html</Path>
    <Anchor>ga6169905f5ba10be9c03290642f4570cd</Anchor>
    <DeclaredIn>TLMHub.h</DeclaredIn>
  </Token>
  <Token>
    <TokenIdentifier>
      <Name>TLMHubDidConnectDeviceNotification</Name>
      <APILanguage>c</APILanguage>
      <Type>data</Type>
    </TokenIdentifier>
    <Path>group__hub_notifications.html</Path>
    <Anchor>ga54a4187af7cd4161d81b5a0ef43da320</Anchor>
    <DeclaredIn>TLMHub.h</DeclaredIn>
  </Token>
  <Token>
    <TokenIdentifier>
      <Name>TLMHubDidDisconnectDeviceNotification</Name>
      <APILanguage>c</APILanguage>
      <Type>data</Type>
    </TokenIdentifier>
    <Path>group__hub_notifications.html</Path>
    <Anchor>gacb7fc397586c6834ca35f942a20f266d</Anchor>
    <DeclaredIn>TLMHub.h</DeclaredIn>
  </Token>
  <Token>
    <TokenIdentifier>
      <Name>hubNotificationDataKeys</Name>
      <APILanguage>c</APILanguage>
    </TokenIdentifier>
    <Path>group__hub_notification_data_keys.html</Path>
  </Token>
  <Token>
    <TokenIdentifier>
      <Name>kTLMKeyMyo</Name>
      <APILanguage>c</APILanguage>
      <Type>data</Type>
    </TokenIdentifier>
    <Path>group__hub_notification_data_keys.html</Path>
    <Anchor>gafe5cb3b2d34309d44bfd54981f53cdea</Anchor>
    <DeclaredIn>TLMHub.h</DeclaredIn>
  </Token>
  <Token>
    <TokenIdentifier>
      <Name>deviceNotifications</Name>
      <APILanguage>c</APILanguage>
    </TokenIdentifier>
    <Path>group__device_notifications.html</Path>
  </Token>
  <Token>
    <TokenIdentifier>
      <Name>TLMMyoDidReceiveOrientationEventNotification</Name>
      <APILanguage>c</APILanguage>
      <Type>data</Type>
    </TokenIdentifier>
    <Path>group__device_notifications.html</Path>
    <Anchor>ga3a249eafdc7910e7d34c74a1cd161245</Anchor>
    <DeclaredIn>TLMMyo.h</DeclaredIn>
  </Token>
  <Token>
    <TokenIdentifier>
      <Name>TLMMyoDidReceiveAccelerometerEventNotification</Name>
      <APILanguage>c</APILanguage>
      <Type>data</Type>
    </TokenIdentifier>
    <Path>group__device_notifications.html</Path>
    <Anchor>ga2c4c23edbc90e07986237ad1043d492f</Anchor>
    <DeclaredIn>TLMMyo.h</DeclaredIn>
  </Token>
  <Token>
    <TokenIdentifier>
      <Name>TLMMyoDidReceiveGyroscopeEventNotification</Name>
      <APILanguage>c</APILanguage>
      <Type>data</Type>
    </TokenIdentifier>
    <Path>group__device_notifications.html</Path>
    <Anchor>ga47b4d66ef9b447a3d2b0692e6aa5d959</Anchor>
    <DeclaredIn>TLMMyo.h</DeclaredIn>
  </Token>
  <Token>
    <TokenIdentifier>
      <Name>TLMMyoDidReceivePoseChangedNotification</Name>
      <APILanguage>c</APILanguage>
      <Type>data</Type>
    </TokenIdentifier>
    <Path>group__device_notifications.html</Path>
    <Anchor>ga60c40a4ab34fea2c17c3e6d74b58acb2</Anchor>
    <DeclaredIn>TLMMyo.h</DeclaredIn>
  </Token>
  <Token>
    <TokenIdentifier>
      <Name>TLMMyoDidReceiveArmSyncEventNotification</Name>
      <APILanguage>c</APILanguage>
      <Type>data</Type>
    </TokenIdentifier>
    <Path>group__device_notifications.html</Path>
    <Anchor>gaa05dd085e42571f175937627d20ce38c</Anchor>
    <DeclaredIn>TLMMyo.h</DeclaredIn>
  </Token>
  <Token>
    <TokenIdentifier>
      <Name>TLMMyoDidReceiveArmUnsyncEventNotification</Name>
      <APILanguage>c</APILanguage>
      <Type>data</Type>
    </TokenIdentifier>
    <Path>group__device_notifications.html</Path>
    <Anchor>ga23af804cdfaece44817ce754f76ae9a8</Anchor>
    <DeclaredIn>TLMMyo.h</DeclaredIn>
  </Token>
  <Token>
    <TokenIdentifier>
      <Name>TLMMyoDidReceiveUnlockEventNotification</Name>
      <APILanguage>c</APILanguage>
      <Type>data</Type>
    </TokenIdentifier>
    <Path>group__device_notifications.html</Path>
    <Anchor>ga2f6d13859e4a223e5f386ae6e80d5395</Anchor>
    <DeclaredIn>TLMMyo.h</DeclaredIn>
  </Token>
  <Token>
    <TokenIdentifier>
      <Name>TLMMyoDidReceiveLockEventNotification</Name>
      <APILanguage>c</APILanguage>
      <Type>data</Type>
    </TokenIdentifier>
    <Path>group__device_notifications.html</Path>
    <Anchor>gab294a54c722f97ef7738fc3ca8b4fa71</Anchor>
    <DeclaredIn>TLMMyo.h</DeclaredIn>
  </Token>
  <Token>
    <TokenIdentifier>
      <Name>TLMMyoDidReceiveEmgEventNotification</Name>
      <APILanguage>c</APILanguage>
      <Type>data</Type>
    </TokenIdentifier>
    <Path>group__device_notifications.html</Path>
    <Anchor>ga7acbf74c628374ccec908d4817d1c773</Anchor>
    <DeclaredIn>TLMMyo.h</DeclaredIn>
  </Token>
  <Token>
    <TokenIdentifier>
      <Name>deviceNotificationDataKeys</Name>
      <APILanguage>c</APILanguage>
    </TokenIdentifier>
    <Path>group__device_notification_data_keys.html</Path>
  </Token>
  <Token>
    <TokenIdentifier>
      <Name>kTLMKeyOrientationEvent</Name>
      <APILanguage>c</APILanguage>
      <Type>data</Type>
    </TokenIdentifier>
    <Path>group__device_notification_data_keys.html</Path>
    <Anchor>ga3e92370f7fdbbb68e1b67219f3aade01</Anchor>
    <DeclaredIn>TLMMyo.h</DeclaredIn>
  </Token>
  <Token>
    <TokenIdentifier>
      <Name>kTLMKeyAccelerometerEvent</Name>
      <APILanguage>c</APILanguage>
      <Type>data</Type>
    </TokenIdentifier>
    <Path>group__device_notification_data_keys.html</Path>
    <Anchor>gae99703210cb198d2f6a70a61d22eab8a</Anchor>
    <DeclaredIn>TLMMyo.h</DeclaredIn>
  </Token>
  <Token>
    <TokenIdentifier>
      <Name>kTLMKeyGyroscopeEvent</Name>
      <APILanguage>c</APILanguage>
      <Type>data</Type>
    </TokenIdentifier>
    <Path>group__device_notification_data_keys.html</Path>
    <Anchor>gae34b6c69ea27828f8cc64995b5e2d3c0</Anchor>
    <DeclaredIn>TLMMyo.h</DeclaredIn>
  </Token>
  <Token>
    <TokenIdentifier>
      <Name>kTLMKeyPose</Name>
      <APILanguage>c</APILanguage>
      <Type>data</Type>
    </TokenIdentifier>
    <Path>group__device_notification_data_keys.html</Path>
    <Anchor>gafa3c7bb0aed658e613c0c85c93861255</Anchor>
    <DeclaredIn>TLMMyo.h</DeclaredIn>
  </Token>
  <Token>
    <TokenIdentifier>
      <Name>kTLMKeyArmSyncEvent</Name>
      <APILanguage>c</APILanguage>
      <Type>data</Type>
    </TokenIdentifier>
    <Path>group__device_notification_data_keys.html</Path>
    <Anchor>gaeac01c0a91528a9309a77d0c397c8a45</Anchor>
    <DeclaredIn>TLMMyo.h</DeclaredIn>
  </Token>
  <Token>
    <TokenIdentifier>
      <Name>kTLMKeyArmUnsyncEvent</Name>
      <APILanguage>c</APILanguage>
      <Type>data</Type>
    </TokenIdentifier>
    <Path>group__device_notification_data_keys.html</Path>
    <Anchor>ga7f1fa1d164cb435daf5c3bce81451364</Anchor>
    <DeclaredIn>TLMMyo.h</DeclaredIn>
  </Token>
  <Token>
    <TokenIdentifier>
      <Name>kTLMKeyUnlockEvent</Name>
      <APILanguage>c</APILanguage>
      <Type>data</Type>
    </TokenIdentifier>
    <Path>group__device_notification_data_keys.html</Path>
    <Anchor>ga504c37650a9022f9693d5c1d3ba81b75</Anchor>
    <DeclaredIn>TLMMyo.h</DeclaredIn>
  </Token>
  <Token>
    <TokenIdentifier>
      <Name>kTLMKeyLockEvent</Name>
      <APILanguage>c</APILanguage>
      <Type>data</Type>
    </TokenIdentifier>
    <Path>group__device_notification_data_keys.html</Path>
    <Anchor>ga3e78e0159dd42b94aab667d157b2ce35</Anchor>
    <DeclaredIn>TLMMyo.h</DeclaredIn>
  </Token>
  <Token>
    <TokenIdentifier>
      <Name>kTLMKeyEMGEvent</Name>
      <APILanguage>c</APILanguage>
      <Type>data</Type>
    </TokenIdentifier>
    <Path>group__device_notification_data_keys.html</Path>
    <Anchor>gacc4a4d17e22893ecc100ffff7b65b662</Anchor>
    <DeclaredIn>TLMMyo.h</DeclaredIn>
  </Token>
  <Token>
    <TokenIdentifier>
      <Name>_TLMQuaternion</Name>
      <APILanguage>c</APILanguage>
      <Type>cl</Type>
      <Scope>_TLMQuaternion</Scope>
    </TokenIdentifier>
    <Path>struct___t_l_m_quaternion.html</Path>
    <DeclaredIn>TLMMath.h</DeclaredIn>
  </Token>
  <Token>
    <TokenIdentifier>
      <Name>_TLMVector3</Name>
      <APILanguage>c</APILanguage>
      <Type>cl</Type>
      <Scope>_TLMVector3</Scope>
    </TokenIdentifier>
    <Path>struct___t_l_m_vector3.html</Path>
    <DeclaredIn>TLMMath.h</DeclaredIn>
  </Token>
  <Token>
    <TokenIdentifier>
      <Name>TLMAccelerometerEvent</Name>
      <APILanguage>c</APILanguage>
      <Type>cl</Type>
      <Scope>TLMAccelerometerEvent</Scope>
    </TokenIdentifier>
    <Path>interface_t_l_m_accelerometer_event.html</Path>
    <DeclaredIn>TLMAccelerometerEvent.h</DeclaredIn>
  </Token>
  <Token>
    <TokenIdentifier>
      <Name>myo</Name>
      <APILanguage>occ</APILanguage>
      <Type>instp</Type>
      <Scope>TLMAccelerometerEvent</Scope>
    </TokenIdentifier>
    <Path>interface_t_l_m_accelerometer_event.html</Path>
    <Anchor>a45272a22bbefea98c858af2b1a4b2032</Anchor>
  </Token>
  <Token>
    <TokenIdentifier>
      <Name>vector</Name>
      <APILanguage>occ</APILanguage>
      <Type>instp</Type>
      <Scope>TLMAccelerometerEvent</Scope>
    </TokenIdentifier>
    <Path>interface_t_l_m_accelerometer_event.html</Path>
    <Anchor>a432258da57c8b280c7a942d3b9f8eb4a</Anchor>
  </Token>
  <Token>
    <TokenIdentifier>
      <Name>timestamp</Name>
      <APILanguage>occ</APILanguage>
      <Type>instp</Type>
      <Scope>TLMAccelerometerEvent</Scope>
    </TokenIdentifier>
    <Path>interface_t_l_m_accelerometer_event.html</Path>
    <Anchor>ab15182d15076f922becd321c69e48ee4</Anchor>
  </Token>
  <Token>
    <TokenIdentifier>
      <Name>TLMAngle</Name>
      <APILanguage>c</APILanguage>
      <Type>cl</Type>
      <Scope>TLMAngle</Scope>
    </TokenIdentifier>
    <Path>interface_t_l_m_angle.html</Path>
    <DeclaredIn>TLMAngle.h</DeclaredIn>
  </Token>
  <Token>
    <TokenIdentifier>
      <Name>initWithRadians:</Name>
      <APILanguage>occ</APILanguage>
      <Type>instm</Type>
      <Scope>TLMAngle</Scope>
    </TokenIdentifier>
    <Path>interface_t_l_m_angle.html</Path>
    <Anchor>afffc1dd7196abbb46bd4c6a6f426fb24</Anchor>
    <DeclaredIn>TLMAngle.h</DeclaredIn>
  </Token>
  <Token>
    <TokenIdentifier>
      <Name>initWithDegrees:</Name>
      <APILanguage>occ</APILanguage>
      <Type>instm</Type>
      <Scope>TLMAngle</Scope>
    </TokenIdentifier>
    <Path>interface_t_l_m_angle.html</Path>
    <Anchor>a1a72f04e30c0bcb143eb6561713b0fe0</Anchor>
    <DeclaredIn>TLMAngle.h</DeclaredIn>
  </Token>
  <Token>
    <TokenIdentifier>
      <Name>initWithAngle:</Name>
      <APILanguage>occ</APILanguage>
      <Type>instm</Type>
      <Scope>TLMAngle</Scope>
    </TokenIdentifier>
    <Path>interface_t_l_m_angle.html</Path>
    <Anchor>a5f44128443deb4128acd6f1c845394ac</Anchor>
    <DeclaredIn>TLMAngle.h</DeclaredIn>
  </Token>
  <Token>
    <TokenIdentifier>
      <Name>degrees</Name>
      <APILanguage>occ</APILanguage>
      <Type>instp</Type>
      <Scope>TLMAngle</Scope>
    </TokenIdentifier>
    <Path>interface_t_l_m_angle.html</Path>
    <Anchor>a5e9cac63bc15eeecf8309d1573b0e747</Anchor>
  </Token>
  <Token>
    <TokenIdentifier>
      <Name>radians</Name>
      <APILanguage>occ</APILanguage>
      <Type>instp</Type>
      <Scope>TLMAngle</Scope>
    </TokenIdentifier>
    <Path>interface_t_l_m_angle.html</Path>
    <Anchor>a1cdfede1c67bfae83ac622da174501b8</Anchor>
  </Token>
  <Token>
    <TokenIdentifier>
      <Name>TLMArmSyncEvent</Name>
      <APILanguage>c</APILanguage>
      <Type>cl</Type>
      <Scope>TLMArmSyncEvent</Scope>
    </TokenIdentifier>
    <Path>interface_t_l_m_arm_sync_event.html</Path>
  </Token>
  <Token>
    <TokenIdentifier>
      <Name>myo</Name>
      <APILanguage>occ</APILanguage>
      <Type>instp</Type>
      <Scope>TLMArmSyncEvent</Scope>
    </TokenIdentifier>
    <Path>interface_t_l_m_arm_sync_event.html</Path>
    <Anchor>a17d877f2554e2f3507531aaa1d2aae03</Anchor>
  </Token>
  <Token>
    <TokenIdentifier>
      <Name>arm</Name>
      <APILanguage>occ</APILanguage>
      <Type>instp</Type>
      <Scope>TLMArmSyncEvent</Scope>
    </TokenIdentifier>
    <Path>interface_t_l_m_arm_sync_event.html</Path>
    <Anchor>a1e03ba3302699d650551a8be4cd956ce</Anchor>
  </Token>
  <Token>
    <TokenIdentifier>
      <Name>xDirection</Name>
      <APILanguage>occ</APILanguage>
      <Type>instp</Type>
      <Scope>TLMArmSyncEvent</Scope>
    </TokenIdentifier>
    <Path>interface_t_l_m_arm_sync_event.html</Path>
    <Anchor>a615db59a0a3738fce24cd4c47a6f96a3</Anchor>
  </Token>
  <Token>
    <TokenIdentifier>
      <Name>timestamp</Name>
      <APILanguage>occ</APILanguage>
      <Type>instp</Type>
      <Scope>TLMArmSyncEvent</Scope>
    </TokenIdentifier>
    <Path>interface_t_l_m_arm_sync_event.html</Path>
    <Anchor>a9f2d42f529e3f4414628086d1e1810cc</Anchor>
  </Token>
  <Token>
    <TokenIdentifier>
      <Name>TLMArmUnknown</Name>
      <APILanguage>cpp</APILanguage>
      <Type>econst</Type>
      <Scope>TLMArmSyncEvent</Scope>
    </TokenIdentifier>
    <Path>interface_t_l_m_arm_sync_event.html</Path>
    <Anchor>a590cb2d979c009f406789285388e8703aa721fde17b91d4c8b25d7934f6edbf0f</Anchor>
  </Token>
  <Token>
    <TokenIdentifier>
      <Name>TLMArmRight</Name>
      <APILanguage>cpp</APILanguage>
      <Type>econst</Type>
      <Scope>TLMArmSyncEvent</Scope>
    </TokenIdentifier>
    <Path>interface_t_l_m_arm_sync_event.html</Path>
    <Anchor>a590cb2d979c009f406789285388e8703ae67c0ced92fc44d61aca4649b6e77b2e</Anchor>
  </Token>
  <Token>
    <TokenIdentifier>
      <Name>TLMArmLeft</Name>
      <APILanguage>cpp</APILanguage>
      <Type>econst</Type>
      <Scope>TLMArmSyncEvent</Scope>
    </TokenIdentifier>
    <Path>interface_t_l_m_arm_sync_event.html</Path>
    <Anchor>a590cb2d979c009f406789285388e8703af0a6d1d9290b5b4c7cc37c5af91746ae</Anchor>
  </Token>
  <Token>
    <TokenIdentifier>
      <Name>TLMArmXDirectionUnknown</Name>
      <APILanguage>cpp</APILanguage>
      <Type>econst</Type>
      <Scope>TLMArmSyncEvent</Scope>
    </TokenIdentifier>
    <Path>interface_t_l_m_arm_sync_event.html</Path>
    <Anchor>a74a5d0e7ff251686a0ff0eeccf86b269aefa75adecf05fc24efdf98df5b0d0280</Anchor>
  </Token>
  <Token>
    <TokenIdentifier>
      <Name>TLMArmXDirectionTowardWrist</Name>
      <APILanguage>cpp</APILanguage>
      <Type>econst</Type>
      <Scope>TLMArmSyncEvent</Scope>
    </TokenIdentifier>
    <Path>interface_t_l_m_arm_sync_event.html</Path>
    <Anchor>a74a5d0e7ff251686a0ff0eeccf86b269a1c404a424eec609cad48d739d435ea60</Anchor>
  </Token>
  <Token>
    <TokenIdentifier>
      <Name>TLMArmXDirectionTowardElbow</Name>
      <APILanguage>cpp</APILanguage>
      <Type>econst</Type>
      <Scope>TLMArmSyncEvent</Scope>
    </TokenIdentifier>
    <Path>interface_t_l_m_arm_sync_event.html</Path>
    <Anchor>a74a5d0e7ff251686a0ff0eeccf86b269a182ffb73e9fc772fec4336da19ea15ff</Anchor>
  </Token>
  <Token>
    <TokenIdentifier>
      <Name>TLMArmUnsyncEvent</Name>
      <APILanguage>c</APILanguage>
      <Type>cl</Type>
      <Scope>TLMArmUnsyncEvent</Scope>
    </TokenIdentifier>
    <Path>interface_t_l_m_arm_unsync_event.html</Path>
  </Token>
  <Token>
    <TokenIdentifier>
      <Name>myo</Name>
      <APILanguage>occ</APILanguage>
      <Type>instp</Type>
      <Scope>TLMArmUnsyncEvent</Scope>
    </TokenIdentifier>
    <Path>interface_t_l_m_arm_unsync_event.html</Path>
    <Anchor>a767a1eadbc0ed1bc7e59f130432334b1</Anchor>
  </Token>
  <Token>
    <TokenIdentifier>
      <Name>timestamp</Name>
      <APILanguage>occ</APILanguage>
      <Type>instp</Type>
      <Scope>TLMArmUnsyncEvent</Scope>
    </TokenIdentifier>
    <Path>interface_t_l_m_arm_unsync_event.html</Path>
    <Anchor>a1051a702eed29a2c3f019f86aa8e03cd</Anchor>
  </Token>
  <Token>
    <TokenIdentifier>
      <Name>TLMEmgEvent</Name>
      <APILanguage>c</APILanguage>
      <Type>cl</Type>
      <Scope>TLMEmgEvent</Scope>
    </TokenIdentifier>
    <Path>interface_t_l_m_emg_event.html</Path>
    <DeclaredIn>TLMEmgEvent.h</DeclaredIn>
  </Token>
  <Token>
    <TokenIdentifier>
      <Name>myo</Name>
      <APILanguage>occ</APILanguage>
      <Type>instp</Type>
      <Scope>TLMEmgEvent</Scope>
    </TokenIdentifier>
    <Path>interface_t_l_m_emg_event.html</Path>
    <Anchor>a927c95c1d3c82e81597060ab15260160</Anchor>
  </Token>
  <Token>
    <TokenIdentifier>
      <Name>rawData</Name>
      <APILanguage>occ</APILanguage>
      <Type>instp</Type>
      <Scope>TLMEmgEvent</Scope>
    </TokenIdentifier>
    <Path>interface_t_l_m_emg_event.html</Path>
    <Anchor>a7fac6bdf3f8ea4009a71ae1fdaa9fcc9</Anchor>
  </Token>
  <Token>
    <TokenIdentifier>
      <Name>timestamp</Name>
      <APILanguage>occ</APILanguage>
      <Type>instp</Type>
      <Scope>TLMEmgEvent</Scope>
    </TokenIdentifier>
    <Path>interface_t_l_m_emg_event.html</Path>
    <Anchor>aa307aa80c753c2eb85998a4f4eb30f00</Anchor>
  </Token>
  <Token>
    <TokenIdentifier>
      <Name>TLMEulerAngles</Name>
      <APILanguage>c</APILanguage>
      <Type>cl</Type>
      <Scope>TLMEulerAngles</Scope>
    </TokenIdentifier>
    <Path>interface_t_l_m_euler_angles.html</Path>
    <DeclaredIn>TLMEulerAngles.h</DeclaredIn>
  </Token>
  <Token>
    <TokenIdentifier>
      <Name>anglesWithQuaternion:</Name>
      <APILanguage>occ</APILanguage>
      <Type>clm</Type>
      <Scope>TLMEulerAngles</Scope>
    </TokenIdentifier>
    <Path>interface_t_l_m_euler_angles.html</Path>
    <Anchor>ac1f20991cf85e590c7d2c0fd1cff32cd</Anchor>
    <DeclaredIn>TLMEulerAngles.h</DeclaredIn>
  </Token>
  <Token>
    <TokenIdentifier>
      <Name>pitch</Name>
      <APILanguage>occ</APILanguage>
      <Type>instp</Type>
      <Scope>TLMEulerAngles</Scope>
    </TokenIdentifier>
    <Path>interface_t_l_m_euler_angles.html</Path>
    <Anchor>a4d9040c1c5c5d14eed71c80c82e85765</Anchor>
  </Token>
  <Token>
    <TokenIdentifier>
      <Name>roll</Name>
      <APILanguage>occ</APILanguage>
      <Type>instp</Type>
      <Scope>TLMEulerAngles</Scope>
    </TokenIdentifier>
    <Path>interface_t_l_m_euler_angles.html</Path>
    <Anchor>a70dea082d7777b03958ad221216201e7</Anchor>
  </Token>
  <Token>
    <TokenIdentifier>
      <Name>yaw</Name>
      <APILanguage>occ</APILanguage>
      <Type>instp</Type>
      <Scope>TLMEulerAngles</Scope>
    </TokenIdentifier>
    <Path>interface_t_l_m_euler_angles.html</Path>
    <Anchor>a36b85cd03a00d4b75fcb61ae28c4f308</Anchor>
  </Token>
  <Token>
    <TokenIdentifier>
      <Name>TLMGyroscopeEvent</Name>
      <APILanguage>c</APILanguage>
      <Type>cl</Type>
      <Scope>TLMGyroscopeEvent</Scope>
    </TokenIdentifier>
    <Path>interface_t_l_m_gyroscope_event.html</Path>
    <DeclaredIn>TLMGyroscopeEvent.h</DeclaredIn>
  </Token>
  <Token>
    <TokenIdentifier>
      <Name>myo</Name>
      <APILanguage>occ</APILanguage>
      <Type>instp</Type>
      <Scope>TLMGyroscopeEvent</Scope>
    </TokenIdentifier>
    <Path>interface_t_l_m_gyroscope_event.html</Path>
    <Anchor>ad1803008938476ec956ccdc78d046bff</Anchor>
  </Token>
  <Token>
    <TokenIdentifier>
      <Name>vector</Name>
      <APILanguage>occ</APILanguage>
      <Type>instp</Type>
      <Scope>TLMGyroscopeEvent</Scope>
    </TokenIdentifier>
    <Path>interface_t_l_m_gyroscope_event.html</Path>
    <Anchor>a35b35fbacb2444d8cde983b5c66003ac</Anchor>
  </Token>
  <Token>
    <TokenIdentifier>
      <Name>timestamp</Name>
      <APILanguage>occ</APILanguage>
      <Type>instp</Type>
      <Scope>TLMGyroscopeEvent</Scope>
    </TokenIdentifier>
    <Path>interface_t_l_m_gyroscope_event.html</Path>
    <Anchor>ad0957fe4c2386dae193f1bdb77e49572</Anchor>
  </Token>
  <Token>
    <TokenIdentifier>
      <Name>TLMHub</Name>
      <APILanguage>c</APILanguage>
      <Type>cl</Type>
      <Scope>TLMHub</Scope>
    </TokenIdentifier>
    <Path>interface_t_l_m_hub.html</Path>
    <DeclaredIn>TLMHub.h</DeclaredIn>
  </Token>
  <Token>
    <TokenIdentifier>
      <Name>myoDevices</Name>
      <APILanguage>occ</APILanguage>
      <Type>instm</Type>
      <Scope>TLMHub</Scope>
    </TokenIdentifier>
    <Path>interface_t_l_m_hub.html</Path>
    <Anchor>a82e3b69a3fcf803d84417f2b8a46ffff</Anchor>
    <DeclaredIn>TLMHub.h</DeclaredIn>
  </Token>
  <Token>
    <TokenIdentifier>
      <Name>attachToAdjacent</Name>
      <APILanguage>occ</APILanguage>
      <Type>instm</Type>
      <Scope>TLMHub</Scope>
    </TokenIdentifier>
    <Path>interface_t_l_m_hub.html</Path>
    <Anchor>acbce958ba26bd0392fae52a2cd09d60b</Anchor>
    <DeclaredIn>TLMHub.h</DeclaredIn>
  </Token>
  <Token>
    <TokenIdentifier>
      <Name>attachByIdentifier:</Name>
      <APILanguage>occ</APILanguage>
      <Type>instm</Type>
      <Scope>TLMHub</Scope>
    </TokenIdentifier>
    <Path>interface_t_l_m_hub.html</Path>
    <Anchor>ab26689abf1cafdb5d1b43725e8c161b0</Anchor>
    <DeclaredIn>TLMHub.h</DeclaredIn>
  </Token>
  <Token>
    <TokenIdentifier>
      <Name>detachFromMyo:</Name>
      <APILanguage>occ</APILanguage>
      <Type>instm</Type>
      <Scope>TLMHub</Scope>
    </TokenIdentifier>
    <Path>interface_t_l_m_hub.html</Path>
    <Anchor>ad48f9948be7fc01e3250931d20e8de9c</Anchor>
    <DeclaredIn>TLMHub.h</DeclaredIn>
  </Token>
  <Token>
    <TokenIdentifier>
      <Name>sharedHub</Name>
      <APILanguage>occ</APILanguage>
      <Type>clm</Type>
      <Scope>TLMHub</Scope>
    </TokenIdentifier>
    <Path>interface_t_l_m_hub.html</Path>
    <Anchor>a34274c550fa0b5f8d64fbc36df657b1b</Anchor>
    <DeclaredIn>TLMHub.h</DeclaredIn>
  </Token>
  <Token>
    <TokenIdentifier>
      <Name>myoConnectionAllowance</Name>
      <APILanguage>occ</APILanguage>
      <Type>instp</Type>
      <Scope>TLMHub</Scope>
    </TokenIdentifier>
    <Path>interface_t_l_m_hub.html</Path>
    <Anchor>af5f3c633a027f9aff62b2c96d730be3a</Anchor>
  </Token>
  <Token>
    <TokenIdentifier>
      <Name>applicationIdentifier</Name>
      <APILanguage>occ</APILanguage>
      <Type>instp</Type>
      <Scope>TLMHub</Scope>
    </TokenIdentifier>
    <Path>interface_t_l_m_hub.html</Path>
    <Anchor>afc3ed0a2a752ac37beafb2720591c64d</Anchor>
  </Token>
  <Token>
    <TokenIdentifier>
      <Name>shouldNotifyInBackground</Name>
      <APILanguage>occ</APILanguage>
      <Type>instp</Type>
      <Scope>TLMHub</Scope>
    </TokenIdentifier>
    <Path>interface_t_l_m_hub.html</Path>
    <Anchor>a05504d8da60de015b64366d1edc738d8</Anchor>
  </Token>
  <Token>
    <TokenIdentifier>
      <Name>shouldSendUsageData</Name>
      <APILanguage>occ</APILanguage>
      <Type>instp</Type>
      <Scope>TLMHub</Scope>
    </TokenIdentifier>
    <Path>interface_t_l_m_hub.html</Path>
    <Anchor>a1c2b081ff4a8c9211c9f26fc58a478df</Anchor>
  </Token>
  <Token>
    <TokenIdentifier>
      <Name>lockingPolicy</Name>
      <APILanguage>occ</APILanguage>
      <Type>instp</Type>
      <Scope>TLMHub</Scope>
    </TokenIdentifier>
    <Path>interface_t_l_m_hub.html</Path>
    <Anchor>a0bdc4dd729fb7d12d6625baeb4d2787a</Anchor>
  </Token>
  <Token>
    <TokenIdentifier>
      <Name>TLMLockingPolicyStandard</Name>
      <APILanguage>cpp</APILanguage>
      <Type>econst</Type>
      <Scope>TLMHub</Scope>
    </TokenIdentifier>
    <Path>interface_t_l_m_hub.html</Path>
    <Anchor>a28258d40419feadc53030e841bfbb06aa3079996ed5779d6eac909178816001f8</Anchor>
  </Token>
  <Token>
    <TokenIdentifier>
      <Name>TLMLockingPolicyNone</Name>
      <APILanguage>cpp</APILanguage>
      <Type>econst</Type>
      <Scope>TLMHub</Scope>
    </TokenIdentifier>
    <Path>interface_t_l_m_hub.html</Path>
    <Anchor>a28258d40419feadc53030e841bfbb06aa30aa751db44b88a2126a28c4b0561349</Anchor>
  </Token>
  <Token>
    <TokenIdentifier>
      <Name>TLMLockEvent</Name>
      <APILanguage>c</APILanguage>
      <Type>cl</Type>
      <Scope>TLMLockEvent</Scope>
    </TokenIdentifier>
    <Path>interface_t_l_m_lock_event.html</Path>
  </Token>
  <Token>
    <TokenIdentifier>
      <Name>myo</Name>
      <APILanguage>occ</APILanguage>
      <Type>instp</Type>
      <Scope>TLMLockEvent</Scope>
    </TokenIdentifier>
    <Path>interface_t_l_m_lock_event.html</Path>
    <Anchor>ad88decdb3441169dcf46ef551ac647d8</Anchor>
  </Token>
  <Token>
    <TokenIdentifier>
      <Name>timestamp</Name>
      <APILanguage>occ</APILanguage>
      <Type>instp</Type>
      <Scope>TLMLockEvent</Scope>
    </TokenIdentifier>
    <Path>interface_t_l_m_lock_event.html</Path>
    <Anchor>a64cb7151688ed81d2a555f2a2bc343eb</Anchor>
  </Token>
  <Token>
    <TokenIdentifier>
      <Name>TLMMyo</Name>
      <APILanguage>c</APILanguage>
      <Type>cl</Type>
      <Scope>TLMMyo</Scope>
    </TokenIdentifier>
    <Path>interface_t_l_m_myo.html</Path>
    <DeclaredIn>TLMMyo.h</DeclaredIn>
  </Token>
  <Token>
    <TokenIdentifier>
      <Name>readSignalStrengthWithResult:</Name>
      <APILanguage>occ</APILanguage>
      <Type>instm</Type>
      <Scope>TLMMyo</Scope>
    </TokenIdentifier>
    <Path>interface_t_l_m_myo.html</Path>
    <Anchor>ad1abbf539a8d0916f56fdbb6213dda70</Anchor>
    <DeclaredIn>TLMMyo.h</DeclaredIn>
  </Token>
  <Token>
    <TokenIdentifier>
      <Name>vibrateWithLength:</Name>
      <APILanguage>occ</APILanguage>
      <Type>instm</Type>
      <Scope>TLMMyo</Scope>
    </TokenIdentifier>
    <Path>interface_t_l_m_myo.html</Path>
    <Anchor>a64ed23411c045a18544d59219663e425</Anchor>
    <DeclaredIn>TLMMyo.h</DeclaredIn>
  </Token>
  <Token>
    <TokenIdentifier>
      <Name>indicateUserAction</Name>
      <APILanguage>occ</APILanguage>
      <Type>instm</Type>
      <Scope>TLMMyo</Scope>
    </TokenIdentifier>
    <Path>interface_t_l_m_myo.html</Path>
    <Anchor>ac5e48e4df92ce61d21dee7ccacc677df</Anchor>
    <DeclaredIn>TLMMyo.h</DeclaredIn>
  </Token>
  <Token>
    <TokenIdentifier>
      <Name>unlockWithType:</Name>
      <APILanguage>occ</APILanguage>
      <Type>instm</Type>
      <Scope>TLMMyo</Scope>
    </TokenIdentifier>
    <Path>interface_t_l_m_myo.html</Path>
    <Anchor>a05cee0360ee6a2d9d279ee3776c36b42</Anchor>
    <DeclaredIn>TLMMyo.h</DeclaredIn>
  </Token>
  <Token>
    <TokenIdentifier>
      <Name>lock</Name>
      <APILanguage>occ</APILanguage>
      <Type>instm</Type>
      <Scope>TLMMyo</Scope>
    </TokenIdentifier>
    <Path>interface_t_l_m_myo.html</Path>
    <Anchor>aa3c4352180fea08a41c37d4398d3908d</Anchor>
    <DeclaredIn>TLMMyo.h</DeclaredIn>
  </Token>
  <Token>
    <TokenIdentifier>
      <Name>setStreamEmg:</Name>
      <APILanguage>occ</APILanguage>
      <Type>instm</Type>
      <Scope>TLMMyo</Scope>
    </TokenIdentifier>
    <Path>interface_t_l_m_myo.html</Path>
    <Anchor>aea51af2db61b22057a41648dc0eda580</Anchor>
    <DeclaredIn>TLMMyo.h</DeclaredIn>
  </Token>
  <Token>
    <TokenIdentifier>
      <Name>name</Name>
      <APILanguage>occ</APILanguage>
      <Type>instp</Type>
      <Scope>TLMMyo</Scope>
    </TokenIdentifier>
    <Path>interface_t_l_m_myo.html</Path>
    <Anchor>a554bd2221f359d77264019c9c09a3cea</Anchor>
  </Token>
  <Token>
    <TokenIdentifier>
      <Name>identifier</Name>
      <APILanguage>occ</APILanguage>
      <Type>instp</Type>
      <Scope>TLMMyo</Scope>
    </TokenIdentifier>
    <Path>interface_t_l_m_myo.html</Path>
    <Anchor>aab917453673e34df8c96daa9746e00e6</Anchor>
  </Token>
  <Token>
    <TokenIdentifier>
      <Name>state</Name>
      <APILanguage>occ</APILanguage>
      <Type>instp</Type>
      <Scope>TLMMyo</Scope>
    </TokenIdentifier>
    <Path>interface_t_l_m_myo.html</Path>
    <Anchor>ac1ea3c5b29fafaae5d91830bb6eda1e1</Anchor>
  </Token>
  <Token>
    <TokenIdentifier>
      <Name>isLocked</Name>
      <APILanguage>occ</APILanguage>
      <Type>instp</Type>
      <Scope>TLMMyo</Scope>
    </TokenIdentifier>
    <Path>interface_t_l_m_myo.html</Path>
    <Anchor>a31259b76f71d4793539029e7aca896ff</Anchor>
  </Token>
  <Token>
    <TokenIdentifier>
      <Name>pose</Name>
      <APILanguage>occ</APILanguage>
      <Type>instp</Type>
      <Scope>TLMMyo</Scope>
    </TokenIdentifier>
    <Path>interface_t_l_m_myo.html</Path>
    <Anchor>a322b9e99abc0a46d71c17c4b0afcbbdb</Anchor>
  </Token>
  <Token>
    <TokenIdentifier>
      <Name>orientation</Name>
      <APILanguage>occ</APILanguage>
      <Type>instp</Type>
      <Scope>TLMMyo</Scope>
    </TokenIdentifier>
    <Path>interface_t_l_m_myo.html</Path>
    <Anchor>a5464707c14426d7e6df51443c65d431d</Anchor>
  </Token>
  <Token>
    <TokenIdentifier>
      <Name>arm</Name>
      <APILanguage>occ</APILanguage>
      <Type>instp</Type>
      <Scope>TLMMyo</Scope>
    </TokenIdentifier>
    <Path>interface_t_l_m_myo.html</Path>
    <Anchor>acd76dc38248f7d96f8f9b87c7db55242</Anchor>
  </Token>
  <Token>
    <TokenIdentifier>
      <Name>xDirection</Name>
      <APILanguage>occ</APILanguage>
      <Type>instp</Type>
      <Scope>TLMMyo</Scope>
    </TokenIdentifier>
    <Path>interface_t_l_m_myo.html</Path>
    <Anchor>ad5b9d0a71528a212e405ebb665b9143c</Anchor>
  </Token>
  <Token>
    <TokenIdentifier>
      <Name>TLMMyoConnectionStateConnected</Name>
      <APILanguage>cpp</APILanguage>
      <Type>econst</Type>
      <Scope>TLMMyo</Scope>
    </TokenIdentifier>
    <Path>interface_t_l_m_myo.html</Path>
    <Anchor>a2b362051a72b535b2a0c9612f0b9603aa3ed33b4254a8a97c7cab1bb58df1593e</Anchor>
  </Token>
  <Token>
    <TokenIdentifier>
      <Name>TLMMyoConnectionStateConnecting</Name>
      <APILanguage>cpp</APILanguage>
      <Type>econst</Type>
      <Scope>TLMMyo</Scope>
    </TokenIdentifier>
    <Path>interface_t_l_m_myo.html</Path>
    <Anchor>a2b362051a72b535b2a0c9612f0b9603aa4408eee626472ace6aa9177e0b2e10ad</Anchor>
  </Token>
  <Token>
    <TokenIdentifier>
      <Name>TLMMyoConnectionStateDisconnected</Name>
      <APILanguage>cpp</APILanguage>
      <Type>econst</Type>
      <Scope>TLMMyo</Scope>
    </TokenIdentifier>
    <Path>interface_t_l_m_myo.html</Path>
    <Anchor>a2b362051a72b535b2a0c9612f0b9603aa028bcd67fb85a1afb7845bcfd36a27e8</Anchor>
  </Token>
  <Token>
    <TokenIdentifier>
      <Name>TLMUnlockTypeTimed</Name>
      <APILanguage>cpp</APILanguage>
      <Type>econst</Type>
      <Scope>TLMMyo</Scope>
    </TokenIdentifier>
    <Path>interface_t_l_m_myo.html</Path>
    <Anchor>a240ec53d598d2f0c39fec12935973e78a0ab6fa697dfa7a63e78cda0fc7ff3640</Anchor>
  </Token>
  <Token>
    <TokenIdentifier>
      <Name>TLMUnlockTypeHold</Name>
      <APILanguage>cpp</APILanguage>
      <Type>econst</Type>
      <Scope>TLMMyo</Scope>
    </TokenIdentifier>
    <Path>interface_t_l_m_myo.html</Path>
    <Anchor>a240ec53d598d2f0c39fec12935973e78a0ad28d8851820a9355f5681925c28351</Anchor>
  </Token>
  <Token>
    <TokenIdentifier>
      <Name>TLMVibrationLengthShort</Name>
      <APILanguage>cpp</APILanguage>
      <Type>econst</Type>
      <Scope>TLMMyo</Scope>
    </TokenIdentifier>
    <Path>interface_t_l_m_myo.html</Path>
    <Anchor>ae0b6a25b0e4181f1017cd951ea2f80d7a477bfb068b66c900eb43791b6fb609f7</Anchor>
  </Token>
  <Token>
    <TokenIdentifier>
      <Name>TLMVibrationLengthMedium</Name>
      <APILanguage>cpp</APILanguage>
      <Type>econst</Type>
      <Scope>TLMMyo</Scope>
    </TokenIdentifier>
    <Path>interface_t_l_m_myo.html</Path>
    <Anchor>ae0b6a25b0e4181f1017cd951ea2f80d7a4e6f08c9567d132a679f237398174a42</Anchor>
  </Token>
  <Token>
    <TokenIdentifier>
      <Name>TLMVibrationLengthLong</Name>
      <APILanguage>cpp</APILanguage>
      <Type>econst</Type>
      <Scope>TLMMyo</Scope>
    </TokenIdentifier>
    <Path>interface_t_l_m_myo.html</Path>
    <Anchor>ae0b6a25b0e4181f1017cd951ea2f80d7a7ec7c417839413013a1068c519f33401</Anchor>
  </Token>
  <Token>
    <TokenIdentifier>
      <Name>TLMOrientationEvent</Name>
      <APILanguage>c</APILanguage>
      <Type>cl</Type>
      <Scope>TLMOrientationEvent</Scope>
    </TokenIdentifier>
    <Path>interface_t_l_m_orientation_event.html</Path>
    <DeclaredIn>TLMOrientationEvent.h</DeclaredIn>
  </Token>
  <Token>
    <TokenIdentifier>
      <Name>myo</Name>
      <APILanguage>occ</APILanguage>
      <Type>instp</Type>
      <Scope>TLMOrientationEvent</Scope>
    </TokenIdentifier>
    <Path>interface_t_l_m_orientation_event.html</Path>
    <Anchor>a2686377c92c421c64b96dfcd76ad10ce</Anchor>
  </Token>
  <Token>
    <TokenIdentifier>
      <Name>quaternion</Name>
      <APILanguage>occ</APILanguage>
      <Type>instp</Type>
      <Scope>TLMOrientationEvent</Scope>
    </TokenIdentifier>
    <Path>interface_t_l_m_orientation_event.html</Path>
    <Anchor>a581803fd7425122476fc8d9323354b36</Anchor>
  </Token>
  <Token>
    <TokenIdentifier>
      <Name>timestamp</Name>
      <APILanguage>occ</APILanguage>
      <Type>instp</Type>
      <Scope>TLMOrientationEvent</Scope>
    </TokenIdentifier>
    <Path>interface_t_l_m_orientation_event.html</Path>
    <Anchor>a27dfb22506d239e08737ded5fa5df80c</Anchor>
  </Token>
  <Token>
    <TokenIdentifier>
      <Name>TLMPose</Name>
      <APILanguage>c</APILanguage>
      <Type>cl</Type>
      <Scope>TLMPose</Scope>
    </TokenIdentifier>
    <Path>interface_t_l_m_pose.html</Path>
    <DeclaredIn>TLMPose.h</DeclaredIn>
  </Token>
  <Token>
    <TokenIdentifier>
      <Name>myo</Name>
      <APILanguage>occ</APILanguage>
      <Type>instp</Type>
      <Scope>TLMPose</Scope>
    </TokenIdentifier>
    <Path>interface_t_l_m_pose.html</Path>
    <Anchor>a3936f4f64aff65c5d92eb5a5da6891f8</Anchor>
  </Token>
  <Token>
    <TokenIdentifier>
      <Name>type</Name>
      <APILanguage>occ</APILanguage>
      <Type>instp</Type>
      <Scope>TLMPose</Scope>
    </TokenIdentifier>
    <Path>interface_t_l_m_pose.html</Path>
    <Anchor>a16841d7ca84dd0a9eb2703df48b14d3a</Anchor>
  </Token>
  <Token>
    <TokenIdentifier>
      <Name>timestamp</Name>
      <APILanguage>occ</APILanguage>
      <Type>instp</Type>
      <Scope>TLMPose</Scope>
    </TokenIdentifier>
    <Path>interface_t_l_m_pose.html</Path>
    <Anchor>aeabc9e3edf23ac4bcdac71d27c7e6607</Anchor>
  </Token>
  <Token>
    <TokenIdentifier>
      <Name>TLMPoseTypeRest</Name>
      <APILanguage>cpp</APILanguage>
      <Type>econst</Type>
      <Scope>TLMPose</Scope>
    </TokenIdentifier>
    <Path>interface_t_l_m_pose.html</Path>
    <Anchor>aff089ea690d4db762152032979ad2ed3ad6d5c4bbcbde5bb3bb32697f98d6bca8</Anchor>
  </Token>
  <Token>
    <TokenIdentifier>
      <Name>TLMPoseTypeFist</Name>
      <APILanguage>cpp</APILanguage>
      <Type>econst</Type>
      <Scope>TLMPose</Scope>
    </TokenIdentifier>
    <Path>interface_t_l_m_pose.html</Path>
    <Anchor>aff089ea690d4db762152032979ad2ed3ad06488ffa89368777cd5e05b0dde3b6e</Anchor>
  </Token>
  <Token>
    <TokenIdentifier>
      <Name>TLMPoseTypeWaveIn</Name>
      <APILanguage>cpp</APILanguage>
      <Type>econst</Type>
      <Scope>TLMPose</Scope>
    </TokenIdentifier>
    <Path>interface_t_l_m_pose.html</Path>
    <Anchor>aff089ea690d4db762152032979ad2ed3a14bd261ec346773d7e83641fedb2e669</Anchor>
  </Token>
  <Token>
    <TokenIdentifier>
      <Name>TLMPoseTypeWaveOut</Name>
      <APILanguage>cpp</APILanguage>
      <Type>econst</Type>
      <Scope>TLMPose</Scope>
    </TokenIdentifier>
    <Path>interface_t_l_m_pose.html</Path>
    <Anchor>aff089ea690d4db762152032979ad2ed3a91f3c69991f0f860df7082696ff83e54</Anchor>
  </Token>
  <Token>
    <TokenIdentifier>
      <Name>TLMPoseTypeFingersSpread</Name>
      <APILanguage>cpp</APILanguage>
      <Type>econst</Type>
      <Scope>TLMPose</Scope>
    </TokenIdentifier>
    <Path>interface_t_l_m_pose.html</Path>
    <Anchor>aff089ea690d4db762152032979ad2ed3a7e4b89d5d88e85d9c3dd6772762a704f</Anchor>
  </Token>
  <Token>
    <TokenIdentifier>
      <Name>TLMPoseTypeDoubleTap</Name>
      <APILanguage>cpp</APILanguage>
      <Type>econst</Type>
      <Scope>TLMPose</Scope>
    </TokenIdentifier>
    <Path>interface_t_l_m_pose.html</Path>
    <Anchor>aff089ea690d4db762152032979ad2ed3a0c246b4eb76fe16f40cb509967af55dd</Anchor>
  </Token>
  <Token>
    <TokenIdentifier>
      <Name>TLMPoseTypeUnknown</Name>
      <APILanguage>cpp</APILanguage>
      <Type>econst</Type>
      <Scope>TLMPose</Scope>
    </TokenIdentifier>
    <Path>interface_t_l_m_pose.html</Path>
    <Anchor>aff089ea690d4db762152032979ad2ed3ab1788e1cb02cc2d16280e481521d84ba</Anchor>
  </Token>
  <Token>
    <TokenIdentifier>
      <Name>TLMSettingsViewController</Name>
      <APILanguage>c</APILanguage>
      <Type>cl</Type>
      <Scope>TLMSettingsViewController</Scope>
    </TokenIdentifier>
    <Path>interface_t_l_m_settings_view_controller.html</Path>
    <DeclaredIn>TLMSettingsViewController.h</DeclaredIn>
  </Token>
  <Token>
    <TokenIdentifier>
      <Name>settingsInNavigationController</Name>
      <APILanguage>occ</APILanguage>
      <Type>clm</Type>
      <Scope>TLMSettingsViewController</Scope>
    </TokenIdentifier>
    <Path>interface_t_l_m_settings_view_controller.html</Path>
    <Anchor>a4fcb5b8989223e1178ea3fbfd32fd232</Anchor>
    <DeclaredIn>TLMSettingsViewController.h</DeclaredIn>
  </Token>
  <Token>
    <TokenIdentifier>
      <Name>settingsInPopoverController</Name>
      <APILanguage>occ</APILanguage>
      <Type>clm</Type>
      <Scope>TLMSettingsViewController</Scope>
    </TokenIdentifier>
    <Path>interface_t_l_m_settings_view_controller.html</Path>
    <Anchor>ab1536c282add649b7e7ea98f0314b927</Anchor>
    <DeclaredIn>TLMSettingsViewController.h</DeclaredIn>
  </Token>
  <Token>
    <TokenIdentifier>
      <Name>showDoneButton</Name>
      <APILanguage>occ</APILanguage>
      <Type>instp</Type>
      <Scope>TLMSettingsViewController</Scope>
    </TokenIdentifier>
    <Path>interface_t_l_m_settings_view_controller.html</Path>
    <Anchor>a035a95f9f44a3c6514cc0cc3a2f31e05</Anchor>
  </Token>
  <Token>
    <TokenIdentifier>
      <Name>TLMUnlockEvent</Name>
      <APILanguage>c</APILanguage>
      <Type>cl</Type>
      <Scope>TLMUnlockEvent</Scope>
    </TokenIdentifier>
    <Path>interface_t_l_m_unlock_event.html</Path>
  </Token>
  <Token>
    <TokenIdentifier>
      <Name>myo</Name>
      <APILanguage>occ</APILanguage>
      <Type>instp</Type>
      <Scope>TLMUnlockEvent</Scope>
    </TokenIdentifier>
    <Path>interface_t_l_m_unlock_event.html</Path>
    <Anchor>a4a5aafea8c151dfb9be2268d368452a6</Anchor>
  </Token>
  <Token>
    <TokenIdentifier>
      <Name>timestamp</Name>
      <APILanguage>occ</APILanguage>
      <Type>instp</Type>
      <Scope>TLMUnlockEvent</Scope>
    </TokenIdentifier>
    <Path>interface_t_l_m_unlock_event.html</Path>
    <Anchor>ad3c0c7ae18b7cd4d2f8f33b786856101</Anchor>
  </Token>
</Tokens>
